personen_geschaeftsadresseId,personenId,geschaeftsadresse
1,15439,"3 Rosen unter denen Tuchlauben (Calender, 1758)"
2,17118,Zum Schwarzen Mohren nächst dem Seitzer-Hof (Calender 1758)
3,23558,Zum Goldenen Kranz auf der Brandstatt (Calender 1758)
4,43797,Zum Einsiedler auf der Wieden (Calender 1758)
5,46293,Zum 3. Goldenen Löwen auf der Brandstatt (Calender 1758)
6,43801,Stadt Wien unter den Tuchlauben (Calender 1758)
7,8423,Zum Goldenen Waag-Haus nächst dem Bischof-Hof (Calender 1758)
8,43788,Beim Grünen Berg auf der Brandstatt (Calender 1758)
9,25146,Zur Goldenen Ketten im Freysinger-Hof (Calender 1758)
10,23655,Zum Roten Adler nächst dem Waaghaus (Calender 1758)
11,27912,Zum Erzengel Michael in dem Michaeler-Haus nächst der kaiserlichen Burg (Calender 1758)
12,37039,Zum 3. Lauffern auf dem Kohlmarkt (Calender 1758)
13,25660,Zum Goldenen Kreuz auf dem alten Bauernmarkt (Calender 1758).
14,44039,Zum 3. Goldenen Herzen auf dem Peter im Jungfrau-Gässel (Calender 1758)
15,44012,Zum Silbernen Stern auf dem Hof (Calender 1758)
16,44015,Zum Silbernen Stern auf dem Hof (Calender 1758)
17,43992,Zum Scharfen Eck nächst dem Stubentor (Calender 1758)
18,43996,Zum Silbernen Degen auf dem Graben (Calender 1758)
19,44045,Zum Schwarzen Hund unter dem gewesten Päller-Tor (Calender 1758)
20,46156,Zum Goldenen Kranz in der Singerstraße (Calender 1758)
21,8600,"Zum 3. Weißen Löwen in der Kärntner Straße (Calender 1758), (Calender 1723)"
22,46218,"Zu der Heiligen Dreifaltigkeit in der Leopoldstadt (Calender 1758), In der Leopoldstadt nächst der Tandlergasse bei der Heiligen Dreifaltigkeit (Calender 1723)"
23,8168,Goldenes Fässel zu Mariahilf (Calender 1758)
24,46271,Zum Schwarzen Berg nächst St. Stephan (Calender 1758)
25,37748,Zum Weißen Kreuz nächst dem gewesten Päller-Tor (Calender 1758)
26,46279,Zum Roten Apfel auf dem alten Bauernmarkt (Calender 1758)
27,46286,Zum Grünen Kranz bei St. Ulrich (Calender 1758)
28,46294,Zum Goldenen Kreuz nächst dem Stock im Eisen-Platz (Calender 1758)
29,46296,Ackersmann nächst St. Stephan (Calender 1758)
30,41690,"Zum Englischen Gruß nächst der Bognergasse (Calender 1758), (Calender 1723)"
31,40592,Zum Goldenen Ring im Hutstepper-Gässel (Calender 1758)
32,46417,Zum Goldenen Ring im Hutstepper-Gässel (Calender 1758)
33,46423,Zur Goldenen Gans (Calender 1758)
34,46433,Außer denen PP. Paulanern zum Grünen Einhorn (Calender 1758)
35,25088,Im De Franzischen Haus in der Kärntnerstraße (Calender 1758)
36,8410,"Zum Schwarzen Hund unter dem gewesten Päller-Tor (Calender 1758), Zum Schwarzen Hund unter dem Päller-Tor (Calender 1723)"
37,47110,Zur Goldenen Waage in der Karlstadt (Calender 1758)
38,47129,Zum Grünen Baum nächst St. Stephan (Calender 1758)
39,47156,Zum Silbernen Schiff nächst dem Bischofs-Hof (Calender 1758)
40,47153,Zur Goldenen Weintraube bei St. Ulrich (Calender 1758)
41,47150,Zum 3. Raben auf dem Katzensteig (Calender 1758)
42,46838,Zum Haus von Österreich unter den Tuchlauben (Calender 1758)
43,47142,Zum 3. Goldenen Krone beim Rotenturm (Calender 1758)
44,43798,Zum Kölner Hof (Calender 1758)
45,47174,Zum Braunen Einhorn auf dem Hohen Markt (Calender 1758)
46,47175,Zum Schönbrunn unter denen Tuchlauben (Calender 1758)
47,47185,Zum Goldenen Degen bei St. Ulrich (Calender 1758)
48,47196,Zum 2. Austern nächst den PP. Carmelitern auf der Laimgrube (Calender 1758)
49,8105,"Auf dem alten Bauernmarkt (Calender 1758), Auf dem alten Bauernmarkt (Calender 1723)"
50,28222,"Zum Schwarzen Adler auf dem Graben (Calender 1758), Zum Schwarzen Adler nächst dem Krautgässel (Calender 1723)"
51,46323,Zur Heiligen Dreifaltigkeit in der Rossau (Calender 1758)
52,19817,Zum Goldenen Kopf auf dem Graben (Calender 1758)
53,29568,Bei der 2. Weißen Tauben nächst dem Stock am Eisen (Calender 1758)
54,46343,Zum Goldenen Pelikan bei St. Ulrich (Calender 1758)
55,46356,Wahrscheinlich: Zum Grünen Fässel auf dem Neustift (Calender 1758)
56,46362,Bei der Heiligen Dreifaltigkeit auf der Laimgrube (Calender 1758)
57,46359,Zur Heiligen Dreifaltigkeit auf dem Spittelberg (Calender 1758)
58,46375,Zum 3. Rosen in der Alstergasse (Calender 1758)
59,27585,Evtl.: Zum Grünen Kranz am Graben (Calender 1758)
60,44035,"Bei der Goldenen Muschel in der Wipplingerstraße (Calender, 1758)"
61,47619,Zu der Gundel auf dem alten Bauernmarkt (Calender 1758)
62,47620,Zum 3. Mohren auf dem Graben (Calender 1758)
63,46453,Zum Goldenen Fässel auf dem Peters-Friedhof (Calender 1758)
64,46574,Zum Spiegel auf dem Graben (Calender 1758)
65,46463,"Zum Goldenen Kranz auf der Landstraße (Calender 1758, Calender 1723)"
66,46517,Zum Schwarzen Adler auf der Wieden (Calender 1758)
67,25804,Stock am Eisen im Zahlheimischen Haus (Calender 1758)
68,46563,Zum Englischen Wappen auf dem Kohlmarkt (Calender 1758)
69,46572,Zum Weißen Kranz nächst dem Liechtensteg (Calender 1758) oder Zum Roten Ungar auf dem Kohlmarkt (Calender 1758)
70,46518,Beim Heilig Geist in der Josephstadt (Calender 1758)
71,46523,Zum Grünen Jäger nächst dem Steyrerhof (Calender 1758)
72,46454,Zum Goldenen Fässel auf dem Peters-Friedhof (Calender 1758)
73,43959,Zur Schönen Ungarin nächst dem gewesten Päller-Tor (Calender 1758)
74,46527,Zum Goldenen Greifen auf dem Hohen Markt (Calender 1758)
75,46535,Zum König in England auf dem Graben (Calender 1758)
76,46545,Zum Goldenen Adler nächst denen PP. Franziskanern (Calender 1758)
77,46550,Zum Weißen Stern bei Mariahilf (Calender 1758)
78,46502,Zum Silbernen Einhorn auf der Wieden (Calender 1758)
79,46556,Zum Zederbaum auf dem Graben (Calender 1758)
80,46561,Zur Goldenen Sonne auf dem alten Bauernmarkt (Calender 1758)
81,46559,Zur Goldenen Flauten auf dem Graben (Calender 1758)
82,46570,Zum Hirschen auf dem Spittelberg (Calender 1758)
83,43874,Zum Schwarzen Hund in der Carlstadt (Calender 1758)
84,46774,Zum Schönen Garten auf dem Graben (Calender 1758) [?]
85,43876,Bei der Silbernen Schlange auf dem Hohen Markt (Calender 1758)
86,46118,Zum Krebsen auf dem Graben (Calender 1758)
87,46128,Zum Königsberg auf dem Gaben (Calender 1758)
88,43895,Zur Roten Rose auf dem Stock im Eisen-Platz (Calender 1758)
90,17992,Zum Blauen Stern nächst dem Schönen Brunnen (Calender 1758)
91,23514,Im Schickischen Haus auf dem Hohen Markt (Calender 1758)
92,46138,Zum Goldenen Engel in der Leopoldstadt (Calender 1758)
93,46171,Beim Guten Hirten zu Mariahilf (Calender 1758)
94,42662,Zur Weißen Taube auf dem alten Bauernmarkt (Calender 1758)
95,46148,Zum 3. Bäumen in der Kärntnerstraße (Calender 1758)
96,46165,Zum Pilgram auf dem Kohlmarkt (Calender 1758)
97,46168,Zur Blauen Flaschen auf dem Stock im Eisen-Platz (Calender 1758)
98,46108,Zum Roten Igel unter den Tuchlauben (Calender 1758)
99,46180,Zum Prinz von Lothringen im Freisingerhof (Calender 1758)
100,41747,Zum Grünen Kranz auf der Landstraße (Calender 1758)
101,46174,Zum Goldenen Fässel unter den Tuchlauben (Calender 1758)
102,46176,Bei der Goldenen Betten auf dem Graben (Calender 1758)
103,43887,Zur Weißen Taube auf dem Graben (Calender 1758)
104,47621,Zum König in Frankreich (Calender 1758)
105,46806,"Zum Gründen Fässel auf der Wieden (Calender 1758, dort: ""auf der Wien"")"
106,8514,"Zum Grünen Fässel bei Mariahilf (Calender 1758, 1723)"
107,37701,Zum Stock am Eisen (Calender 1758)
108,47622,Zur Roten Rose auf der Landstraße (Calender 1758)
109,47623,Zur Goldenen Sonne auf der Landstraße außer denen PP. Augustinern (Calender 1758)
110,46827,Beim Roten Adler nächst der Schleifmühle (Calender 1758)
111,46771,Zum Goldenen Löwen in der Leopoldstadt (Calender 1758)
112,46830,Zum Goldenen Stern in der Wollzeile (Calender 1758)
113,46833,Zum Jonas im Walfisch auf dem Graben (Calender 1758)
114,46835,Zum Kurfürst aus Bayern (Calender 1758)
115,46846,Zum Goldenen Pfauen nächst dem Kärtnertor (Calender 1758)
116,10730,Zu den 3 Weißen Rosen in der Kärntnerstraße (Calender 1758)
117,46891,Zum Goldenen Szepter auf dem Graben (Calender 1758)
118,46884,Zum Schwarzen Ochsen außer Mariahilf (Calender 1758)
119,25004,Beim Weißen Pelikan auf dem Hohen Markt (Calender 1758)
120,46893,Zum Goldenen Hahn auf dem alten Bauernmarkt (Calender 1758)
121,46910,Zum Schönen Becher in der Kärntnerstraße (Calender 1758)
122,46914,Zur Goldenen Kugel nächst der Heiligen Dreifaltigkeit (Calender 1758)
123,46919,Zur Goldenen Schlange auf dem Neubau (Calender 1758)
124,46922,"Bei den 7 Schwaben auf dem Neubau (Calender 1758) Bei den 7 Schwaben an Neubau, 1761 (Merkantilakten Repertorium 1763-1797)"
125,10641,
126,46927,Zur Blauen Krone auf dem Graben (Calender 1758)
127,46937,Zum Grünen Hut in der Bognergasse (Calender 1758)
128,46940,Zum Schwarzen Cameel in der Bognergasse (Calender 1758)
129,46942,Zur Weißen Lilie auf dem Graben (Calender 1758)
130,46944,Bei der Silbernen Krone auf dem alten Bauernmarkt (Calender 1758)
131,46946,Zum Goldenen Fässel zu St. Ulrich (Calender 1758)
132,8109,Zum Weißen Lämmel auf dem alten Bauernmarkt (Calender 1758)
133,24594,Zum Totenkopf in der Bognergasse (Calender 1758)
134,18406,Bei der Silbernen Kugel nächst dem Bischofhof (Calender 1758)
135,46676,Zum Lustigen Bauern auf dem Graben (Calener 1758)
136,43856,Zur Goldenen Meerjungfrau auf dem Kohlmarkt (Calender 1758)
137,10321,"Zur Blauen Rose im Gaunischen Haus (Calender 1758, 1723)"
138,47327,Zum Weißen Rössel auf dem Hohen Markt nächst dem Brunn-Haus (Calender 1758)
139,8594,Zum Silbernen Anker auf dem Peters-Friedhof (Calender 1758)
140,4646,Zur Goldenen Rose auf dem Peters-Friedhof im Eisgrübel (Calender 1758)
141,43896,Zum Türken auf dem Stock am Eisen-Platz (Calender 1758)
142,43918,"Martinellisches Haus auf dem Lugeck (Calender 1758: ""Lubeg"")"
143,43899,Zum Weißen Lämmel bei St. Ulrich (Calender 1758)
144,43909,Zur Stadt Belgrad in der Kärntnerstraße (Calender 1758)
145,30064,Zum Roten Rössel in der Kärntnerstraße (Calender 1758)
146,47370,Zum Goldenen Hirschen unter den Tuchlauben (Calender 1758)
147,43956,Bei der Goldenen Harfe auf dem Kohlmarkt (Calender 1758)
148,46532,Zum Goldenen Brunnen auf dem Kohlmarkt (Calender 1758)
149,43963,Zum Bauerntanz auf dem Neubau (Calender 1758)
150,43966,Zum 7. Säulen auf dem Neuen Markt (Calender 1758)
151,43969,Zur Weißen Rose auf dem Graben (Calender 1758)
152,43968,Zum Goldenen Bären auf dem alten Fleischmarkt (Calender 1758)
153,43981,Zur Silbernen Waage auf dem Stock am Eisen-Platz (Calender 1758)
154,43979,Zum Josephs-Berg im Hutstepper-Gässel nebst dem Liechtensteg (Calender 1758)
155,43984,Zum Roten Krebs nächst dem schönen Brunnen unter den Tuchlauben (Calender 1758)
156,44041,Zum Schwarzen Adler in der Leopoldstadt (Calender 1758)
157,44025,Zur Goldenen Sackuhr auf dem Stock am Eisen-Platz (Calender 1758)
158,44047,Zum Jüger auf dem Graben (Calender 1758)
159,47624,Zum Fischhof auf dem Hohen Markt (Calender 1758)
160,9092,"Zum Tiger nächst dem Matschacker-Hof (Calender 1758, 1723)"
161,25971,Zum Wassermann auf dem Graben (Calender 1758)
162,5636,Zum Engel auf dem Graben (Calender 1758)
163,46738,Zum Grauen Adler auf dem Salzgries (Calender 1758)
164,46735,Zum Schwarzen Mohren auf dem Spittelberg (Calender 1758)
165,46169,Zum Schmeckenden Wurm in der oberen Bäckerstraße (Calender 1758)
166,46747,Zum Roten Kreuz nächst St. Stephan (Calender 1754)
167,46571,Zum Schwarzen Adler bei Mariahilf (Calender 1758)
168,46758,Zum Goldenen Stern auf dem Graben (Calender 1758)
169,46769,Zum Goldenen Löwen auf dem alten Bauernmarkt (Calender 1758)
170,46760,Zum Goldenen Wagen auf dem alten Bauernmarkt (Calender 1758)
171,8439,"Im Grundenischen Haus auf dem Kohlmarkt (Calender 1758), Zum Prinz von Portugal auf dem Kohlmarkt (Calender 1723)"
172,10901,Zum Silbernen Becher in der Kärntnerstraße (Calender 1758)
173,23401,Zur Goldenen Treffen auf dem Graben (Calender 1758)
174,31324,Zur Goldenen Lampe nächst St. Stephan (Calender 1758)
175,15956,Zum 2. Rosen auf dem Hof (Calender 1758)
176,25582,Zum Mayerhof nächst dem Bischofs-Hof (Calender 1758)
177,10071,Zum Silbernen Ring auf dem Peters-Friedhof (Calender 1758)
178,47495,Zum Goldenen Rauch-Fass in der Kärntnerstraße (Calender 1758)
179,16488,Zum Silbernen Kruzifix in der Bognergasse (Calender 1758)
180,43783,Zum Grünen Fässel auf dem Kohlmarkt (Calender 1758)
181,47519,Auf dem alten Bauernmarkt (Calender 1758)
182,34998,Im Hüttnerischen Haus in der unteren Bäckerstraße (Calender 1759)
183,47542,Zum Schwarzen Hund auf dem neuen Schottenfeld (Calender 1758)
184,47546,Bei der Goldenen Rose auf dem Peters-Friedhof im Eisgrübel (Calender 1758)
185,43989,Zum Blauen Kranz im Margarethenhof (Calender 1758)
186,46766,Zum Sommer unter den Tuchlauben (Calender 1758)
187,47565,Zum Weißen Schwan auf der Brandstatt (Calender 1758)
188,47568,Zum Herzog-Hütel auf dem alten Kienmarkt (Calender 1758)
189,47571,Zum Goldenen Hirschen unter den Tuchlauben (Calender 1758)
190,47574,Zum Holländischen Wappen auf dem Kohlmarkt (Calender 1758)
191,47577,Zum Schwarzen Elephanten nächst Mariahilf (Calender 1758)
192,47580,Zum Grünen Löwen nächst St. Stephan (Calender 1758)
193,47586,Zum Weißen Adler auf der Brandstatt (Calender 1758)
194,47582,Zum Weißen Hasel auf dem Hof (Calender 1758)
195,47625,Zum 2. Rosen auf dem alten Bauernmarkt (Calender 1758)
196,47600,Bei der Weltkugel auf dem Graben (Calender 1758)
197,47598,Zum Grünen Kranz auf der Wieden (Calender 1758)
198,47603,Zum Weißen Berg auf dem Graben (Calender 1758)
199,47605,Zur Goldenen Weintraube nächst der Wollzeile (Calender 1758)
200,47608,Zum Roten Mann auf der Freyung (Calender 1758)
201,47612,Zum Blumenstock unter den Tuchlauben (Calender 1758)
202,47615,Zum Goldenen Schlitten auf dem Peters-Friedhof (Calender 1758)
203,41599,Zum Roten Igel unter den Tuchlauben (Calender 1758)
204,46276,Zum Goldenen Becher am Stock am Eisen (Calender 1758)
205,46284,Bei der Heiligen Dreifaltigkeit auf dem Rennweg (Calender 1758)
206,46288,Beim Weißen Schwan zu Margarethen (Calender 1758)
207,46291,Zum Straußen auf dem Peters-Friedhof (Calender 1758)
208,8411,Zum Goldenen Einhorn nächst dem Bischofs-Hof (Calender 1758)
209,29648,Zum Goldenen Mandl nächst dem Schottentor (Calender 1758)
210,47125,Zum Grünen Kranz in der Leopoldstadt (Calender 1758)
211,47165,Zur Niederländerin auf dem Kohlmarkt (Calender 1758)
212,47193,Zum Prinz-Joseph in Freisingerhof (Calender 1758)
213,26085,"Zum Goldenen Hirschen in der Leopoldstadt (Calender 1758, 1723)"
214,10180,Zum St. Johann von Nepomuc im Freisinger-Hof (Calender 1758)
215,20609,Zur Stadt Rom unter den Tuchlauben (Calender 1758)
216,47005,Zur Goldenen Schale in der Rossau (Calender 1758)
217,47018,Bei der Goldenen Schlange in der Josephstadt (Calender 1758)
218,47022,Zum Roten Kreuz auf dem Spittelberg (Calender 1758)
219,47027,Zur Heiligen Dreifaltigkeit bei St. Ulrich (Calender 1758)
220,47043,Beim Weißen Rössel zu Mariahilf (Calender 1758)
221,47047,Zum Nägerl in der Josephstadt (Calender 1758)
222,47627,Zur Goldenen Rose auf dem Graben (1758)
223,47626,Zur Goldenen Rose auf dem Graben (1758)
224,43858,Im Haus zum Schwarzen Hund in der Carlstadt (Calender 1758)
225,43860,Zum Adam und Eva im alten Lerchenfeld (Calender 1758)
226,43862,Zu den 3. Hirschen nächst dem Stock am Eisen-Platz (Calender 1758)
227,43865,Zum Spanischen Kreuz in der Josephstadt (Calender 1758)
228,9008,"Auf dem Graben im eigenen Haus (Calender 1758), Bei der Silbernen Krone auf dem Bauernmarkt (Calender 1723)"
229,26080,"Zum Goldenen Pfau nächst dem Kärtnertor in eigener Behausung (Calender 1758), Zum Pfauen nächst dem Kärntnertor (Calender 1723)"
230,8802,Zum Grünen Löwen nälchst St. Stephan (Calender 1723)
231,8584,Zum Scharfen Eck beim Stubentor (Calender 1723)
232,8591,Zum Grünen Fässel auf dem Kohlmarkt (Calender 1723)
233,11690,Auf dem Neuen Markt nächst 7 Körben zum Goldenen Kreuz (Calender 1723)
234,8490,Zum Blauen Adler nächst dem Krautgässel (Calender 1723)
235,11199,Zum Grünen Berg nächst St. Stephan (Calender 1723)
236,26963,Zum Weißen Rössel auf dem Salzgries (Calender 1723)
237,9740,Zum Schwarzen Mohren nächst dem Seitzer-Hof (Calender 1723)
238,9058,Zum 3. Lauffern auf dem Kohlmarkt (Calender 1723)
239,279,Zum 2. Goldenen Kronen auf dem Kohlmarkt (Calender 1723)
240,9136,Zum Goldenen Stern auf dem Hof (Calender 1723)
241,10559,Zum Goldenen Kreuz auf dem Graben (Calender 1723)
242,8116,Zum Goldenen Brunnen auf dem Kohlmarkt (Calender 1723)
243,16042,Zum Schwarzen (...) auf dem Graben (Calender 1723)
244,8747,Zum Baumgarten nächst der Goldenen Gans [?] (Calender 1723)
245,12423,Beim Totenkopf in der Bognergasse (Calender 1723)
246,10691,Zum Schwarzen Elephanten nächst Stock am Eisen (Calender 1723)
247,10359,Zum Roten Mändel im Tiefen Graben (Calender 1723)
248,36606,Wohnort in Calender 1723 (Wienbibiliothek) nicht lesbar. In den Tuchlauben [?]
249,46206,Zum Grünen Kreuz im Gundelhof (Calender 1723)
250,8100,In der oberen Bäckerstraße (Calender 1723)
251,8813,Bei der Lampe nächst St. Stephan (Calender 1723)
252,46210,Zur Goldenen Krone im Gundelhof (Calender 1723)
253,46212,Zum 3. König am Stock am Eisen (Calender 1723)
254,46215,Zum Weißen Hahn im Tiefen Graben (Calender 1723)
255,638,Zum Goldenen Rössel in der Kärntnerstraße (Calender 1723)
256,21806,Zum Goldenen Hirschen auf dem Graben (Calender 1723)
257,36435,Im Pallmischen Haus nächst dem St. Peter-Friedhof (Calender 1723)
258,46403,Bei der Goldenen Gans (Calender 1723)
259,46406,Zum Goldenen Walfisch auf dem Kohlmarkt (Calender 1723)
260,46408,Zum Goldenen Cameel nächst den Fleischbänken (Calender 1723)
261,47422,Zum Roten Krebs nächst dem Schönen Brunnen (Calender 1723)
262,46410,Im Freisinger-Hof (Calender 1723)
263,14142,Zum Blauen Stern nächst dem Schönen Brunnen (Calender 1723)
264,9401,Zum Grünen Lusthaus in der Kärntnerstraße (Calender 1723)
265,1321,Im Fisch-Hof (Calender 1723)
266,47066,Zum Roten Apfel auf dem Bauernmarkt (Calender 1723)
267,12360,Zum Benedikts-Pfennig nächst dem Eis-Grübel (Calender 1723)
268,47070,Zum Weißen Hahn in der Rossau (Calender 1723)
269,1115,Zum Goldenen Stern nächst dem Scharfen Eck (Calender 1723)
270,1411,Zum Blauen Einhorn auf dem Hohen Markt (Calender 1723)
271,12874,Zum Drei Raben auf dem Katzensteig (Calender 1723)
272,17700,Im Zelt-Schneiderischen Haus in der Wallerstraße (Calender 1723)
273,47077,Zur Goldenen Gans nächst dem Roten Turm (Calender 1723)
274,47079,Bei der Goldenen Schnalle in der Rossau (Calender 1723)
275,8955,Zum Goldenen Kleeblatt auf dem Hohen Markt (Calender 1723)
276,17436,Zum Pfauen unter den Tuchläden (Calender 1723)
277,8009,Zu den 3 Rossen unter den Tuchläden (Calender 1723)
278,10872,Bei der Blauen Kugel auf dem Graben (Calender 1723)
279,8817,Zum Schwarzen Mohren unter den Tuchläden (Calender 1723)
280,47629,Auf der Landstraße (Calender 1723)
281,47630,Zum Goldenen Engel nächst dem Schottentor (Calender 1723)
282,8598,Zum halben Mondschein nächst dem Waaghaus (Calender 1723)
283,47631,Auf der Laimgrube (Calender 1723)
284,22393,Im Margarethenhof auf dem alten Bauernmarkt (Calender 1723)
285,10543,Zu den 3 Goldenen Kronen auf dem Kohlmarkt (Calender 1723)
286,46319,Im Altschafferischen Haus auf dem Hof (Calender 1723)
287,46321,Zum Grünen Adler nächst dem Burgtor (Calender 1723)
288,47632,Zum Grünen Jäger nächst dem Waaghaus (Calender 1723)
289,8186,Zum Goldenen Fässel nächst dem Peters-Friedhof (Calender 1723)
290,10600,Zum Spiegel auf dem Graben (Calender 1723)
291,46466,Zum Roten Krebs in der Leopoldstadt (Calender 1723)
292,13519,Zum Goldenen Adler nächst dem Brunn-Haus (Calender 1723)
293,46470,Zum 2 Schwarzen Mohren auf der Schneider-Herberg (Calender 1723)
294,9484,Zum Grünen Jäger in Seidrischen Haus (Calender 1723)
295,46473,Zum Schwarzen Adler auf der Wieden (Calender 1723)
296,9868,Zum Goldenen Stern auf dem Graben (Calender 1723)
297,46476,Zum Wilden Mann in der Kärntnerstraße (Calender 1723)
298,23505,Zum Indianer auf dem Kohlmarkt (Calender 1723)
299,47633,Zum Roten Kreuz auf der Landstraße (Calender 1723)
300,1513,Zum Schönen Garten auf dem Graben (Calender 1723)
301,9468,Bei der Goldenen Glocken auf dem Bauernmarkt (Calender 1723)
302,1511,Zum 3 Mohren auf dem Graben (Calender 1723)
303,28298,Zum Weißen Kreuz im Paternoster-Gässel (Calender 1723)
304,43868,Zum Englischen Maderl auf dem Graben (Calender 1723)
305,14080,Zum Grünen Paperl in der Rossau (Calender 1723)
306,8744,Zum Weißen Adler auf der Bandstatt (Calender 1723)
307,47634,Zum Weißen Pelikan auf dem Kohlmarkt (Calender 1723)
308,34859,Zum Weißen Rössel in der Bognergasse (Calender 1723)
309,46112,Zum Goldenen Bären auf dem alten Fleischmarkt (Calender 1723)
310,15573,Zum Goldenen Kuhfuß nächst dem Schönen Brunnen (Calender 1723)
311,13266,Zum Roten Igel unter den Tuchläden (Calender 1723)
312,10267,Zum Guten Hirten in der Kärnterstraße (Calender 1723)
313,42612,Im Gaunischen Haus (Calender 1723)
314,40943,Zum Silbernen Schiff auf dem Hohen Markt (Calender 1723)
315,12477,Beim Grünen Hut nebst dem Pallertor (Calender 1723)
316,16003,Zum Silbernen Anker nächst dem Peters-Friedhof (Calender 1723)
317,13796,Auf dem Kohlmarkt (Calender 1723)
318,46795,Beim Schwarzen Adler in der Kärntnerstraße (Calender 1723)
319,33327,Bei der Hoffnung auf dem Graben (Calender 1723)
320,18870,Zum Schwarzen Bock unter den Tuchläden (Calender 1723)
321,8274,Zum Ungarischen Kreuz auf dem Peters-Friedhof (1723)
322,46798,Zum 3. Goldenen Schlüssel nächst St. Stephan (Calender 1723)
323,11217,Zum Roten Stern nächst dem Stock im Eisen (Calender 1723)
324,9014,Bei der Englischen Flotta nächst dem Stock im Eisen (Calender 1723)
325,8811,Auf der Brandstatt (Calender 1723)
326,3764,Bei der Stadt Barcelona am Lugeck (Calender 1723)
327,8405,Zu den 3 Weißen Lilien auf dem Graben (Calender 1723)
328,9628,Nächst dem Bischof-Hof (Calender 1723)
329,9093,Zum Weißen Engel nächst dem Hutstepper-Gässel (Calender 1723)
330,47636,Bei der Goldenen Flaute auf dem Graben (Calender 1723)
331,47637,Auf dem Bauernmarkt (Calender 1723)
332,8419,Zur Großen Betten auf dem Graben (Calender 1723)
333,46273,Zum Gelben Adler bei den Franziskanern (Calender 1723)
334,8812,Zum Goldenen Einhorn nächst dem Bischof-Hof (Calender 1723)
335,626,Bei der Silbernen Kugel nächst dem Bischof-Hof (Calender 1723)
336,23922,Zum Weißen Schwan in der Brandstatt (Calender 1723)
337,8273,Zur Weißen Taube auf dem Bauernmarkt (Calender 1723)
338,8098,Zur Goldenen Weintraube nächst der Wollzeile (Calender 1723)
339,46656,Zu den 5 Weißen Jungfern im Eis-Grübel (Calender 1723)
340,15430,Im Margarethenhof (Calender 1723)
341,43854,Margarethenhof (Calender 1723)
342,47639,Im Hutsteppereigässel (Calender 1723)
343,47640,In der Bognergasse (Calender 1723)
344,47641,Im Herzoghof nächst den 5 Kronen (Calender 1723)
345,20661,Zum Schwarzen Adler in der Leopoldstadt (Calender 1723)
346,11689,Zum Schönen Brunnen (Calender 1723)
347,47643,Zum Spanischen Kreuz beim Stock am Eisen (Calender 1723)
348,8923,Bei der Goldenen Harfe auf dem Kohlmarkt (Calender 1723)
349,13158,Beim Meer-Fräulein auf dem Kohlmarkt (Calender 1723)
350,4528,Zur Weißen Rose auf dem Graben (Calender 1723)
351,9612,Zum Goldenen Hahn auf dem alten Bauernmarkt (Calender 1723)
352,47644,Zu den 2 Weißen Tauben nächst dem Stock am Eisen (Calender 1723)
353,10201,Zum Schönen Brunnen (Calender 1723)
354,5251,Zum Goldenen Greifen auf dem Hohen Markt (Calender 1723)
355,47645,Zum Grünen Hut beim Paller-Tor (Calender 1723)
356,5112,Zum Goldenen Ring im Hutstepper-Gässel (Calender 1723)
357,9677,Zum Jonas im Walfisch auf dem Graben (Calender 1723)
358,9488,Zum Goldenen Brunnen auf dem Kohlmarkt (Calender 1723)
359,47646,Bei der Goldenen Weintraube (Calender 1723)
360,43881,Bei der Stadt Belgrad in der Kärntnerstraße (Calender 1723)
361,14705,Beim Roten Kreuz auf dem Spittelberg (Calender 1723)
362,9952,Beim Goldenen Wagen auf dem Bauernmarkt (Calender 1723)
363,43883,Zum Großen Christoph bei St. Ulrich nächst Maria Trost (Calender 1723)
364,47647,ZUm Goldenen Becher nächst dem Stock am Eisen (Calender 1723)
365,47648,Zum Schmeckenden Wurm in der oberen Bäckerstraße (Calender 1723)
366,5563,Zu den 5 Lärchen im Freisinger-Hof unter der Ketten (Calender 1723)
367,8587,Im Freisinger-Hof unter der Ketten (Calender 1723)
368,9224,Zu den 2 Rosen auf dem alten Bauernmarkt (Calender 1723)
369,18191,Zur Gundel im Gundelhof (Calender 1723)
370,10181,Bei der Goldenen Waage auf dem Graben (Calender 1723)
371,12698,Nächst dem Bischofs-Hof (Calender 1723)
372,47410,Im Fischhof (Calender 1723)
373,6108,Auf dem alten Bauernmarkt (Calender 1723)
374,47649,Zum Goldenen Becher beim Stock am Eisen (Calender 1723)
375,47650,Zum Goldenen Becher beim Stock am Eisen (Calender 1723)
376,10060,Zum Heiligen Geist auf dem Graben (Calender 1723)
377,13222,Im Margarethenhof (Calender 1723)
378,47416,Auf der Mehlgrube (Calender 1723)
379,8816,Zur Blauen Krone auf dem Graben (Calender 1723)
380,47419,Zum Kartzer-See auf dem alten Bauernmarkt (Calender 1723)
381,15475,Zum Silbernen Ring auf dem Peters-Friedhof (Calender 1723)
382,8096,Zum Silbernen Kopf beim Paller-Tor (Calender 1723)
383,20352,Zum Schwarzen Mann nächst dem Waaghaus (Calender 1723)
384,8418,Zum Straußen auf dem Graben (Calender 1723)
385,47652,Zum Goldenen Stock am Eisen (Calender 1723)
386,47653,In der Riemerstraße (Calender 1723)
387,21800,Zum Roten Krebs nächst dem Schönen Brunnen (Calender 1723)
388,12358,Zum Goldenen Kranz in der Brandstatt (Calender 1723)
389,9735,In der Blauen Flasche beim Stock am Eisen (Calender 1723)
390,10574,Zum Roten Adler nächst dem Waaghaus (Calender 1723)
391,47426,Bei der Goldenen Krone in der Kärntnerstraße (Calender 1723)
392,18270,Zur Stadt Florenz unter den Tuchläden (Calender 1723)
393,16482,Bei den 3 Kronen zum Roten Turm (Calender 1723)
394,47654,Bei den 3 Schwalben auf dem Graben (Calender 1723)
395,46365,Bei der Heiligen Dreifaltigkeit auf der Laimgrube (Calender 1723)
396,47655,Zum Venezianischen Zuckerbäcker auf dem Bauernmarkt (Calender 1723)
397,47656,Zum Goldenen Kranz in der Singerstraße (Calender 1723)
398,47436,Im Pallmischen Haus nächst dem Peters-Friedhof (Calender 1723)
399,15292,Zum Degenkreuz beim Stock am Eisen (Calender 1723)
400,10324,Zum Goldenen Herz nächst dem Hohen Markt (Calender 1723)
401,18219,Beim Holländischen Wappen am Kohlmarkt (Calender 1723)
402,8202,Zum Wassermann auf dem Graben (Calender 1723)
403,9051,Zum Schwarzen Rössel auf dem Kohlmarkt (Calender 1723)
404,23481,Zur Roten Rose nächst dem Stock am Eisen (Calender 1723)
405,41221,Zu den 3 Silbernen Kronen auf dem Graben (Calender 1723)
406,47657,Zum Hahn im Jungfrau-Gässel (Calender 1723)
407,15249,Zum Jonas im Walfisch auf dem Graben (Calender 1723)
408,6935,Zum Weißen Kranz nächst dem Schwarzen Bären (Calender 1723)
409,46229,Im Huterischen Haus in der kleinen Dorothee-Gasse (Calender 1723)
410,17269,Im Margarethenhof (Calender 1723)
411,47082,In der Leopoldstadt (Calender 1723)
412,9128,Zur Goldenen Sonne auf dem alten Bauernmarkt (Calender 1723)
413,8188,Zum Prinz Eugen bei St. Stephan (Calender 1723)
414,47658,Zum Schwarzen Bären nächst dem Waaghaus (Calender 1723)
415,22433,Zum Schwarzen Bären nächst dem Waaghaus (Calender 1723)
416,10599,Bei der Stadt Nürnberg nebst dem Krautgässel (Calender 1723)
417,47659,Bei der Stadt Nürnberg nebst dem Krautgässel (Calender 1723)
418,7111,Zum Goldenen Wagen auf dem Bauernmarkt (Calender 1723)
419,8326,Zum Weißen Berg auf dem Graben (Calender 1723)
420,47660,Im Freisinger-Hof (Calender 1723)
421,7269,Zum Grünen Kranz auf dem Graben (Calender 1723)
422,9489,Zur Stadt Rom nächst dem Schönen Brunnen (Calender 1723)
423,46966,Zum Weißen Uberschlag im Kuhfußgässel (Calender 1723)
424,8599,Zum Samson im Hutstepper-Gässel (Calender 1723)
425,41987,Zum Goldenen Schiff im Hutstepper-Gässel (Calender 1723)
426,9870,Zum Weißen Paperl auf dem Kohlmarkt (Calender 1723)
427,47661,Zu den 3 Ungarn unter den Tuchläden (Calender 1723)
428,8924,Zum Tiger auf dem Kohlmarkt (Calender 1723)
429,18693,Zur Stadt Bozen auf dem alten Bauernmarkt (Calender 1723)
430,9964,Nächst dem Waaghaus (Calender 1723)
431,47662,Zur Römischen Krone nächst dem Stock am Eisen (Calender 1723)
432,20926,Zum Schwarzen Löwen auf dem Kohlmarkt (Calender 1723)
433,19107,Zum Steinberg im Hutstepper-Gässel (Calender 1723)
435,24795,Zum Kleinen Jordan im Paternoster-Gässel (Calender 1723)
436,7607,Zum Roten Kreuz nächst dem Bischofs-Hof (Calender 1723)
437,10090,Zum Zedernbaum auf dem Graben (Calender 1723)
438,46119,Zur Goldenen Sonne auf dem Graben (Calender 1723)
439,46980,Zur Grünen Weintraube nächst dem Eisgrübel (Calender 1723)
440,3,
441,43793,Petersplatz 11 (alt: Nr 609)
442,43795,Petersplatz 11 (alt: Nr 609)
443,9488,Goldschmiedgasse 4 (alt: Nr 594)
444,28746,Bognergasse 5 (alt: Nr. 312B)
445,47366,Graben 27 (alt: Nr. 615)
446,43969,Seilergasse 3 (alt: Nr. 1083A)
447,4528,Seilergasse 3 (alt: Nr. 1083A)
448,43970,Seilergasse 3 (alt: Nr. 1083A)
449,43971,Seilergasse 3 (alt: Nr. 1083A)
450,8109,Bauernmarkt 9 (alt: Nr. 580)
451,484,Beim Totenkopf in der Bognergasse (Calender 1723)
452,1118,"Zum Schwarzen Hund unter dem gewesten Päller-Tor (Calender 1758), Zum Schwarzen Hund unter dem Päller-Tor (Calender 1723)"
453,11123,Am Kohlmarkt beim Goldenen Anker
454,46305,Auf dem Bauernmarkt (Calender 1723)
455,9053,Zum Venezianischen Zuckerbäcker auf dem Bauernmarkt (Calender 1723)
